Brand,Variety,Style,Country,Stars
282,1279,5,17,0
163,98,1,33,0
160,898,4,35,0
63,1436,4,0,0
23,2153,5,34,0
28,1320,4,30,0
262,1819,1,18,1
23,2141,5,34,0
44,1501,4,23,0
319,2136,1,32,0
25,633,1,30,0
195,225,1,35,1
192,1749,4,20,1
353,976,5,23,0
31,1460,5,19,1
195,1395,5,30,0
151,1323,5,35,1
161,1176,5,18,1
160,2391,6,35,0
111,2296,5,18,1
192,2284,5,35,0
121,1786,4,34,0
160,32,4,35,0
132,968,5,34,0
153,1545,5,26,1
162,244,5,5,1
79,865,5,35,0
349,1624,1,18,1
108,56,5,19,1
332,1670,5,33,0
249,2401,1,30,1
23,2146,5,34,0
192,751,1,18,1
192,2280,5,35,0
192,438,4,18,0
238,1809,5,35,1
192,2283,5,35,1
195,784,5,35,1
120,931,5,29,0
263,249,5,5,1
253,1695,5,5,1
154,532,4,33,1
277,153,1,33,0
157,1600,1,33,0
186,798,5,18,1
192,2203,5,14,1
195,2087,4,30,1
16,1800,5,22,0
110,1760,5,17,1
192,583,4,14,1
157,1344,5,33,0
308,1109,5,18,1
240,1160,5,37,0
353,989,5,23,0
245,1337,5,18,1
332,921,5,16,0
266,310,5,30,0
195,280,5,30,1
147,79,4,33,0
192,1983,5,11,1
157,916,5,33,1
192,512,4,14,1
6,1867,5,17,1
192,625,5,14,1
160,887,4,35,0
192,586,5,18,0
314,1773,5,32,1
334,707,5,32,0
192,1745,1,18,1
195,215,1,35,0
192,605,5,18,0
157,1073,4,33,0
330,777,5,37,0
284,425,4,30,0
329,109,5,37,0
192,2376,6,18,1
240,1167,1,37,0
43,1297,5,19,0
160,862,5,18,1
11,771,5,32,1
24,1275,5,37,1
225,1953,5,29,1
29,786,4,4,0
192,1652,5,29,0
337,0,5,32,0
195,1064,5,30,1
240,1171,1,37,0
55,76,5,5,1
183,2310,1,35,0
327,82,5,32,0
105,2082,5,5,0
11,662,5,32,0
192,1543,6,35,0
192,579,1,14,1
192,125,4,18,0
195,1396,5,30,1
134,2088,4,29,0
82,1713,1,35,0
248,834,5,30,1
254,2266,5,35,1
339,147,5,4,0
192,372,6,35,0
160,749,1,18,1
162,1939,5,5,0
322,923,5,5,0
183,1234,1,18,0
327,1163,1,32,0
249,2104,5,30,1
350,2324,5,33,0
254,1931,4,35,0
208,1321,5,30,1
328,1352,5,32,0
307,1055,1,18,0
104,2231,5,5,1
264,2185,5,5,0
338,1332,5,35,0
26,989,5,15,0
249,1376,5,30,1
23,2144,5,34,0
168,2178,5,17,1
120,1947,1,29,1
333,1769,1,30,0
7,2135,1,18,0
73,1971,5,18,0
192,642,1,18,0
318,37,1,32,1
190,2127,1,18,1
176,816,4,34,1
195,214,1,35,1
195,2301,5,30,1
183,2311,1,35,0
82,2382,1,35,1
118,193,5,32,1
192,600,5,18,1
192,2097,5,35,0
210,184,4,19,0
330,1319,5,37,0
155,18,5,9,0
253,1420,1,14,0
67,557,1,30,1
110,1260,5,17,0
134,544,5,29,1
16,1801,5,22,1
160,889,4,35,0
183,1684,5,29,0
181,1561,4,19,1
255,1996,5,17,1
192,2317,4,18,0
319,10,5,32,0
300,2103,1,35,0
208,1383,5,30,1
147,1362,1,33,1
257,975,5,34,0
286,1883,1,32,1
108,1183,5,19,0
43,1296,5,19,0
160,1708,5,35,1
266,251,5,30,0
162,86,5,5,0
183,398,5,18,0
330,1119,5,37,0
350,303,5,33,0
13,1689,5,35,1
254,2194,1,18,1
206,2396,5,30,1
326,119,4,34,0
116,102,5,5,0
295,680,4,34,0
14,553,5,19,1
157,1929,5,33,1
181,1579,2,19,1
153,2176,1,26,1
292,2349,1,35,0
48,1092,1,35,1
42,205,1,5,0
4,773,5,32,1
342,2071,5,32,1
332,2014,5,33,0
51,188,5,32,0
10,311,5,18,1
329,996,5,37,0
208,2027,5,30,0
208,254,5,30,1
165,2219,1,18,0
330,778,4,37,0
155,1264,5,19,1
192,483,4,35,1
110,141,5,17,0
167,1592,5,19,1
254,2193,1,18,1
206,1878,1,30,0
34,904,5,32,0
329,2218,5,37,0
46,1555,5,19,1
162,78,5,5,1
163,2015,1,33,0
192,632,5,14,0
346,1380,5,35,1
4,2347,5,32,1
318,1213,1,32,1
147,2192,1,33,0
160,200,1,35,1
84,2025,5,5,0
208,1142,5,30,1
192,443,4,14,1
192,381,6,35,0
332,2252,5,33,0
289,695,5,18,0
16,716,5,22,0
219,2184,4,34,0
341,1628,5,32,0
174,2055,5,32,1
350,669,5,33,0
192,570,1,18,1
320,868,5,32,0
329,1286,1,37,1
192,430,4,18,1
192,1736,5,18,1
162,112,5,5,1
86,30,5,37,0
249,258,4,30,0
182,1207,5,19,1
259,728,1,18,1
194,1605,1,37,0
131,1040,5,14,0
162,92,5,5,0
13,2001,1,35,1
52,65,5,14,0
77,1310,5,17,0
336,705,5,32,1
208,648,6,30,0
162,309,5,5,1
183,1018,6,18,1
110,1271,5,17,1
208,1385,1,30,1
257,965,5,19,0
168,1294,5,17,1
208,1732,5,30,1
52,919,5,14,0
320,698,5,32,0
295,679,4,34,0
51,1621,5,32,1
36,1935,5,35,1
192,490,5,2,1
237,417,5,33,1
192,1116,1,18,1
190,2188,4,18,1
248,404,5,30,0
51,50,5,32,0
183,2400,6,18,0
19,1942,5,5,0
155,1349,5,16,0
183,2304,5,18,0
346,1822,5,35,1
192,505,4,20,0
272,2096,5,5,0
152,2130,5,32,1
268,2262,4,29,0
206,1335,5,30,0
195,1905,4,30,1
192,608,5,14,1
110,543,5,17,1
282,1861,5,17,1
216,1457,5,10,0
192,640,1,18,1
178,1039,5,30,0
332,974,5,16,1
124,68,5,14,1
123,1417,1,14,0
160,1308,1,18,1
77,14,5,17,0
97,753,5,17,1
275,1444,4,0,1
192,1449,5,14,1
183,305,1,29,0
328,2354,1,32,1
73,1763,5,18,1
160,1699,5,35,0
341,2112,5,32,0
153,2046,5,26,1
330,1472,5,37,0
110,1263,5,17,1
137,2267,5,18,0
134,2258,5,29,1
157,1099,5,33,0
254,308,5,35,0
299,2410,6,35,1
6,1244,4,17,0
77,1876,5,17,1
159,1014,5,19,0
192,569,1,18,1
7,1036,4,18,0
116,2077,5,5,1
51,45,5,32,0
161,768,5,18,1
154,882,5,33,1
192,2204,5,18,1
262,1088,5,35,0
328,130,5,32,0
289,2374,5,18,0
298,2102,5,35,0
16,1148,5,22,0
61,568,5,30,0
176,655,4,34,0
35,1009,5,14,0
192,2279,5,35,0
337,2,5,32,0
195,1903,5,30,1
116,88,5,5,1
157,880,4,33,0
154,870,1,33,1
155,21,5,16,0
279,1242,5,32,0
159,1803,5,19,0
275,1447,4,0,0
263,1611,1,5,1
197,2340,5,19,1
243,335,5,35,0
183,1722,1,18,1
233,811,5,18,0
162,1361,5,5,0
321,1013,5,32,0
192,527,4,35,0
118,53,5,32,1
160,1866,1,18,1
324,1826,5,13,0
192,469,5,18,0
261,1920,5,25,0
160,33,5,35,0
331,1305,5,19,0
6,1239,5,17,1
163,1428,1,33,0
241,139,5,34,0
192,528,4,5,0
171,1827,5,37,0
331,2215,5,19,1
255,1997,5,17,1
195,2221,4,30,1
248,1848,5,30,0
110,2041,5,17,1
134,1277,5,29,0
192,1177,1,18,1
231,1785,6,30,0
230,183,5,26,0
55,1227,5,5,0
263,358,5,5,1
181,1585,5,19,1
192,347,4,33,0
80,762,1,30,0
192,525,4,35,1
195,1810,6,30,1
249,1377,1,30,1
160,1988,5,20,0
192,458,4,11,0
138,157,5,18,1
110,1259,5,17,0
11,2197,5,32,1
319,11,5,32,0
258,1853,1,30,1
207,127,5,18,0
227,1407,5,30,1
327,1194,5,37,1
263,359,5,5,1
110,1251,5,17,1
170,846,5,30,0
84,2021,4,5,0
208,2016,5,30,0
192,612,5,14,1
183,1229,5,29,1
157,90,5,33,0
208,1924,4,18,0
206,1727,5,20,1
5,2004,5,19,0
155,839,5,16,0
195,1086,5,30,1
168,1295,5,17,1
109,1371,1,18,1
162,113,5,5,1
336,983,5,32,1
192,432,4,18,1
132,2217,5,34,0
249,1816,4,30,0
74,1411,5,14,1
330,162,1,37,1
153,1197,5,26,0
100,2265,5,18,1
174,1488,5,32,1
240,1170,1,37,0
108,783,5,19,0
245,39,5,18,0
8,1303,5,19,0
63,1435,4,0,1
177,1440,4,4,0
318,1210,1,32,1
44,1502,5,23,0
286,1884,1,32,1
261,1922,5,25,0
326,118,4,34,0
110,1257,5,17,1
195,221,1,35,1
51,48,5,32,1
88,327,5,4,0
195,1987,5,30,1
4,908,5,32,1
249,1815,5,30,1
195,1857,4,30,0
7,1836,4,18,0
160,1862,1,18,1
192,488,4,6,0
192,425,4,18,1
123,657,6,14,1
192,588,1,14,1
113,1152,5,18,1
160,1701,5,35,0
7,1035,4,18,0
192,479,5,29,1
192,442,4,18,1
93,1892,5,5,1
192,2271,5,16,1
192,177,4,14,1
168,1317,5,17,1
18,1097,5,4,0
329,850,1,37,0
192,615,5,18,1
280,548,4,19,0
350,1077,5,33,1
183,2399,6,18,1
327,1155,1,32,0
275,1437,4,0,0
153,2170,1,26,0
343,2260,5,5,1
167,1594,5,19,0
208,256,5,30,1
192,493,4,20,0
74,315,5,14,1
192,237,1,35,0
330,1469,5,37,1
195,1896,1,30,0
110,1257,5,17,1
330,1120,6,37,0
81,2030,1,18,0
330,1121,5,37,0
192,468,4,14,1
252,116,1,18,1
192,1235,1,18,1
51,46,5,32,1
176,2199,4,34,0
16,689,5,22,0
192,276,5,18,1
275,1441,4,0,1
208,2123,5,30,0
160,2390,6,35,0
192,511,4,11,0
160,1480,5,18,0
336,1033,5,32,1
159,685,4,19,0
302,885,5,28,1
237,971,5,33,0
192,173,4,35,0
329,849,1,37,0
157,1005,5,33,1
220,1348,5,1,1
218,2051,5,17,0
208,164,5,30,1
341,144,5,32,1
71,827,6,35,1
325,1356,5,18,0
72,1372,1,18,0
219,349,4,34,0
183,2042,5,18,0
118,52,5,32,1
77,1311,5,17,0
153,2168,1,26,0
132,967,5,34,1
55,761,1,5,1
192,346,5,33,1
336,739,5,32,0
182,1203,5,19,1
110,1484,5,24,0
192,629,5,18,0
208,1386,1,30,1
206,1615,5,30,0
61,568,4,30,0
329,1399,4,37,0
157,81,5,33,0
330,1470,5,37,0
176,1893,4,34,1
23,2155,1,34,0
329,2350,1,37,1
153,2047,5,26,0
160,1707,5,35,0
157,1934,4,21,0
254,1531,4,35,0
154,1728,5,21,0
52,1612,5,14,1
13,2003,1,35,1
116,822,5,5,1
49,2208,4,18,0
192,2275,5,35,0
78,842,5,37,0
192,2276,5,35,1
127,1037,1,32,0
157,535,4,33,1
89,1894,5,33,0
212,1508,5,33,0
192,1733,1,18,1
208,1076,5,30,1
330,780,5,37,0
79,864,4,35,1
297,929,4,33,0
31,1536,5,19,1
209,1144,5,37,0
160,1989,5,20,0
174,2321,5,32,1
192,1651,1,29,0
192,174,4,35,0
44,1505,4,23,0
167,1616,5,19,0
192,426,4,18,1
332,308,5,33,0
327,1358,5,37,0
51,44,5,32,1
329,314,5,37,0
329,1510,4,37,0
4,2345,5,32,0
192,1101,1,18,1
183,397,5,18,0
28,1095,1,30,0
214,901,5,26,0
192,623,5,18,0
123,1416,1,14,1
192,431,4,18,1
37,701,5,32,0
51,190,5,32,0
276,1696,6,35,1
195,219,1,35,0
118,54,5,32,1
57,1590,5,19,1
153,1179,5,26,0
274,2313,5,18,0
329,2295,5,37,0
164,1332,5,18,0
110,1270,5,17,1
101,1655,5,30,1
208,2081,4,30,0
192,1541,6,35,0
305,1485,1,32,0
319,1214,1,32,1
326,120,4,34,0
123,671,7,5,0
159,295,4,19,1
332,340,5,33,0
154,1729,5,21,0
192,1743,1,18,1
192,460,4,11,0
183,2182,1,18,1
330,735,5,37,0
106,105,5,31,0
181,1567,5,19,1
23,2142,5,34,1
228,1431,5,32,0
192,2067,1,18,1
192,444,4,35,0
219,156,4,34,0
192,2009,1,35,0
192,2272,5,35,0
162,1307,5,5,1
19,824,5,5,0
230,1552,5,26,0
192,592,5,18,1
275,1445,4,0,0
51,49,5,32,1
164,2265,5,18,0
120,547,4,29,1
155,1588,5,19,1
206,831,4,30,0
192,1741,1,18,1
192,526,4,35,1
6,1869,4,17,1
158,307,5,35,0
35,2121,6,5,0
330,560,5,37,1
183,1686,1,18,0
192,1742,5,18,1
249,268,5,30,0
192,427,4,18,1
12,2406,5,27,0
343,1835,1,5,0
45,2000,4,35,0
318,138,5,32,1
155,837,4,19,0
160,203,1,35,1
90,59,6,30,0
157,936,5,3,1
208,1131,4,30,1
24,1241,5,37,0
332,1669,5,33,0
16,1340,5,22,0
289,556,5,18,1
131,1667,5,14,0
318,1353,5,37,0
134,1276,5,29,1
168,1292,5,17,1
314,1833,5,32,1
110,2044,5,17,1
291,6,5,35,0
21,981,5,8,0
192,1041,5,29,1
165,2220,1,18,1
161,1374,1,18,1
320,65,5,32,0
208,2019,5,30,0
280,949,4,19,0
160,859,5,18,0
206,1054,5,30,0
254,364,5,35,1
130,997,6,33,0
23,2151,5,34,0
23,2154,5,34,0
181,1560,5,19,1
159,1342,5,19,1
154,1006,5,33,0
192,437,4,18,1
43,1300,5,19,0
183,313,5,29,0
118,51,5,32,1
192,521,4,14,1
214,2371,5,26,1
35,1792,5,5,0
245,1880,5,18,1
192,454,4,35,0
192,639,1,18,0
201,817,5,30,0
74,2090,5,14,1
110,1268,5,17,1
19,85,5,5,0
82,1712,1,35,0
192,492,4,2,1
192,447,4,14,1
183,1182,1,29,1
150,420,1,5,0
192,1220,4,20,0
245,2031,5,18,1
333,1777,1,30,1
192,489,4,6,0
298,1772,6,35,0
59,1767,4,17,1
79,303,5,35,0
249,1199,5,30,1
327,1196,5,32,1
88,2328,4,4,0
168,1281,5,17,1
341,2109,5,32,1
249,694,5,30,1
343,301,5,5,0
192,499,4,29,1
254,1125,5,18,0
120,1355,4,29,0
157,990,5,3,1
319,2137,1,32,0
192,2287,5,16,0
160,896,4,35,0
55,64,1,5,1
192,622,5,14,1
330,779,5,37,0
143,1889,6,5,0
116,678,5,5,1
339,929,5,4,0
206,1639,5,30,0
151,1031,5,35,0
192,519,4,29,1
233,809,5,18,0
121,322,4,34,1
289,2129,5,18,1
155,1219,5,16,0
192,1115,4,18,0
336,708,5,32,0
192,477,4,16,0
114,1969,5,19,0
191,2035,6,37,1
192,621,5,14,1
85,2228,4,34,1
192,2398,1,18,1
157,350,5,21,0
155,24,5,16,0
192,440,4,18,1
177,2324,5,4,0
120,1952,1,29,1
327,1173,5,32,0
56,2030,4,35,1
70,313,1,5,0
298,133,5,35,0
157,961,5,33,1
157,988,5,33,1
333,1125,1,30,1
15,979,5,15,0
342,2107,5,32,0
7,405,1,18,1
195,1633,5,5,1
254,143,5,35,1
157,878,4,33,1
192,475,4,33,1
98,1094,5,30,1
163,2252,1,33,0
324,740,5,13,0
296,993,5,11,0
195,645,6,30,1
88,154,4,4,0
84,1138,1,5,0
254,308,4,35,0
192,1544,6,35,0
262,695,5,35,0
214,902,5,26,1
216,1458,5,10,0
157,972,5,33,1
192,578,4,14,1
332,1325,5,33,0
350,951,5,33,0
57,929,5,19,1
346,1322,5,35,1
309,1327,5,18,0
254,1931,5,18,0
177,240,1,4,0
295,681,4,34,0
160,2219,5,18,1
183,1047,5,35,1
227,697,5,30,0
74,2164,5,14,0
129,1153,5,18,1
13,1413,6,35,0
161,1177,1,18,1
249,1201,5,30,0
208,1067,5,30,1
320,269,5,32,0
250,2375,1,18,1
201,843,1,30,0
134,1496,5,29,0
20,2057,5,5,0
298,2102,1,35,0
330,561,5,37,1
154,881,5,33,1
181,1233,5,19,1
336,2359,5,32,0
282,1860,5,17,1
206,160,4,30,1
183,2307,5,18,1
254,844,5,35,0
331,2214,5,19,1
116,2079,5,5,1
183,395,5,18,0
162,1306,5,5,1
332,1668,4,33,0
195,278,1,35,1
65,2402,1,33,0
116,77,1,5,0
277,2257,1,33,0
192,467,4,29,0
174,1877,5,32,1
192,376,6,35,0
192,365,6,35,0
195,60,5,35,0
183,329,5,29,0
208,2020,5,30,0
323,2369,5,37,0
20,1829,5,5,1
192,1238,1,18,1
160,2377,6,35,1
240,1157,1,37,0
319,1212,1,32,1
192,446,4,14,0
192,1737,5,35,1
116,99,5,5,0
351,926,5,12,0
11,772,5,32,1
245,40,5,18,0
114,1970,5,19,1
297,959,4,33,1
322,922,5,5,1
55,91,1,5,0
253,1421,1,14,0
208,729,4,30,1
192,593,4,14,0
222,1266,5,17,1
195,210,1,35,0
153,2177,1,26,0
177,1100,1,4,0
319,2320,5,5,0
73,820,5,18,0
192,1650,5,29,1
181,1583,1,19,1
74,2161,5,14,1
123,1424,5,5,0
330,745,5,37,0
192,1314,5,14,1
98,918,5,30,1
132,953,5,34,0
23,2143,5,34,0
8,1240,5,19,1
192,509,4,20,1
265,925,4,0,0
192,433,4,18,1
128,2342,1,33,0
159,1015,5,19,0
155,25,5,29,0
192,540,4,18,0
219,1530,4,34,0
231,1775,6,30,0
288,785,5,18,1
22,1523,5,33,0
330,1473,1,37,0
208,1875,5,30,0
154,933,5,21,0
329,1365,5,37,0
163,65,1,33,0
203,1042,1,35,0
329,848,5,37,0
110,2210,5,17,0
5,677,5,19,1
131,1666,5,14,0
320,99,5,32,0
160,1698,5,35,0
160,141,4,35,0
248,1084,5,30,0
335,2263,5,32,1
165,556,1,18,1
108,58,5,19,0
193,148,4,4,0
331,2212,5,19,1
327,1158,1,32,0
112,2394,1,18,1
249,696,5,30,1
120,413,4,29,1
52,2056,5,14,0
249,132,5,30,0
329,549,4,37,0
195,209,1,35,0
283,1129,1,30,0
181,1232,5,19,1
43,1299,5,19,0
206,1725,5,20,1
7,2053,4,18,1
296,992,5,11,0
324,744,5,13,0
192,374,6,35,1
9,1557,5,19,1
192,345,5,33,1
110,1364,5,17,1
345,822,1,5,1
31,828,5,19,1
192,1453,5,14,1
11,2230,5,32,1
131,1665,5,14,0
35,1793,5,14,0
195,211,5,35,0
22,1513,5,11,0
52,1936,5,14,1
241,140,5,34,0
195,1906,4,30,1
195,2302,1,30,1
332,89,5,33,0
13,1415,6,35,0
134,2063,5,29,1
160,2389,6,35,0
192,2273,5,35,0
265,950,4,0,1
74,2162,5,14,1
346,1914,5,35,1
157,1509,5,33,0
18,339,4,4,0
168,1265,5,17,1
13,1690,5,35,1
318,1481,4,32,0
195,1907,4,30,0
192,604,5,11,0
155,19,5,16,0
157,2337,5,33,1
76,733,5,30,1
249,1070,1,30,1
136,1351,5,35,0
183,1644,5,29,1
157,71,5,33,0
110,1999,5,17,0
243,333,5,35,1
208,2353,5,30,0
208,755,5,30,0
195,2291,5,30,1
160,2392,6,35,0
311,2329,4,35,0
60,357,5,19,0
289,800,5,18,1
192,1804,5,6,0
192,435,4,18,1
162,1357,1,5,1
346,2237,5,35,1
256,1465,5,14,1
206,1637,5,30,0
192,496,4,5,1
118,192,5,32,1
192,336,5,18,1
134,2084,5,29,1
192,675,4,18,1
192,717,5,17,1
282,1752,5,17,1
183,2355,1,18,1
94,1565,1,19,0
192,175,4,35,1
249,260,5,30,1
206,1059,4,30,0
183,399,5,18,0
192,637,4,33,0
124,93,5,5,0
192,429,4,18,1
110,1625,4,17,0
162,69,5,5,1
192,452,4,35,1
192,466,4,18,0
227,401,5,30,0
327,1169,1,32,1
157,879,4,33,1
280,1842,4,19,0
301,1580,5,19,1
159,297,5,19,1
192,1843,4,14,1
327,840,1,32,0
330,737,5,37,0
192,731,1,18,1
240,1160,1,37,0
327,74,1,32,0
337,1,5,32,0
192,456,4,14,0
39,1069,1,30,1
289,2373,5,18,1
35,2122,6,5,0
192,1994,4,26,0
245,15,5,18,1
49,1918,1,18,1
110,2068,5,17,1
221,725,5,19,1
330,559,5,37,0
29,787,4,4,0
192,235,1,35,0
208,163,1,30,1
196,1901,4,30,0
192,1980,5,18,1
192,1740,1,18,1
192,763,1,18,1
254,363,5,18,1
24,1242,5,37,0
192,504,4,20,0
89,2376,5,33,0
94,2339,1,19,0
192,462,4,35,0
192,1452,5,14,1
256,1464,5,5,0
155,1778,5,16,0
245,2031,1,18,1
342,149,5,32,1
261,1923,5,25,0
77,1315,5,17,1
113,1718,5,18,0
153,2173,1,26,0
175,948,5,25,1
204,719,5,32,1
38,838,5,16,0
4,2346,5,32,1
157,533,4,33,1
330,1285,5,37,1
311,1528,5,35,0
52,2059,5,14,0
155,26,5,16,0
157,963,5,3,1
16,1147,5,22,0
192,484,4,35,0
6,1262,5,17,1
195,223,1,35,1
157,1538,5,33,0
153,2175,4,26,0
206,1968,4,30,0
192,676,4,18,1
183,393,5,18,1
192,176,4,35,0
319,67,1,32,0
70,1854,1,14,0
120,1951,1,29,0
157,991,4,21,1
208,1967,5,30,0
192,1807,5,6,0
94,1577,1,19,1
74,201,1,14,1
157,1629,5,33,0
11,813,5,32,0
162,2070,1,5,0
300,714,1,35,0
192,2099,5,35,1
317,2363,5,19,0
208,265,5,30,1
316,702,6,35,0
162,1797,5,5,1
249,259,5,30,1
248,2181,5,30,0
271,239,1,32,0
208,1114,4,30,0
192,501,4,35,0
339,946,4,4,0
120,414,4,29,1
192,1976,5,11,0
330,1112,5,37,0
249,2180,5,30,0
15,985,5,15,1
336,738,5,32,0
290,418,5,33,1
110,1255,4,17,1
157,1597,5,33,0
116,1837,1,5,0
6,1751,4,17,0
157,966,5,3,0
133,1027,5,23,0
110,1272,5,17,1
101,1658,5,30,1
120,573,5,29,1
168,872,4,17,0
74,2246,5,14,0
177,1495,5,4,0
311,865,4,35,0
342,1719,5,32,0
320,71,5,32,0
192,597,5,14,1
3,1287,4,37,0
249,2115,5,30,1
84,2026,4,5,0
55,76,1,5,1
192,700,5,29,0
153,1995,5,26,0
332,267,5,33,0
157,943,5,21,0
195,62,5,35,1
336,2089,1,32,0
308,2236,5,18,1
318,1211,1,32,1
339,944,4,4,0
263,360,5,5,1
195,1132,1,5,0
341,2113,5,32,1
268,351,4,29,0
206,159,5,30,1
192,1651,5,29,0
13,2223,1,35,0
31,1534,5,19,1
249,293,5,30,0
195,270,5,30,1
40,851,1,30,1
329,995,5,37,0
235,1692,5,35,0
110,1754,5,17,1
248,1377,5,30,1
4,664,5,32,0
139,2038,2,17,1
192,1912,1,18,1
289,2376,5,18,1
183,136,1,18,1
192,520,4,18,0
155,1589,5,19,0
327,2331,5,32,0
192,385,1,35,1
190,814,1,18,1
206,1467,5,30,0
34,2110,5,32,0
243,332,5,35,0
192,2278,5,35,1
192,1979,5,11,0
195,1899,1,30,0
340,1261,5,17,1
277,410,1,33,1
23,2149,5,34,0
140,1831,5,20,0
181,1563,1,19,1
157,1601,5,33,0
181,1573,5,19,1
6,1243,4,17,0
63,1433,4,0,0
154,1498,5,33,1
192,1966,5,15,0
192,2008,1,35,0
147,1630,1,33,0
120,575,5,29,1
92,1784,6,30,0
192,1715,5,18,1
162,1657,1,5,1
195,1898,4,35,1
108,782,5,19,1
214,2370,5,26,1
172,1331,5,35,1
110,875,4,17,1
6,1870,4,17,1
192,369,6,35,1
344,1887,5,32,0
55,95,5,5,0
110,1256,5,17,1
84,1141,5,5,0
192,172,4,35,0
330,1111,5,37,1
192,2285,5,35,1
59,1753,4,17,0
131,341,4,33,0
165,1330,1,18,0
192,1747,5,18,1
150,419,5,5,0
267,2326,5,35,0
160,242,1,35,1
192,1823,1,18,1
179,303,5,34,0
192,412,4,35,0
192,644,1,18,1
336,2105,1,32,0
122,166,1,14,0
287,653,5,18,1
208,1131,1,30,1
313,1192,5,17,0
296,1521,5,15,1
349,1849,1,18,0
190,2128,1,18,1
153,871,5,26,0
254,1886,5,18,1
318,1834,5,32,1
312,375,5,0,0
178,1208,5,30,0
195,1345,5,30,1
343,2013,5,5,1
158,1844,5,35,0
192,1450,4,18,1
195,226,1,35,1
192,463,4,35,0
293,2348,1,32,0
254,1316,1,18,0
159,1343,5,19,1
195,207,1,35,0
192,506,4,20,0
192,614,1,14,1
287,2235,1,18,1
161,1130,1,18,0
183,1020,1,18,1
195,1850,5,30,0
326,122,4,34,0
181,1558,2,18,1
7,652,4,18,1
206,1723,5,20,1
195,2086,4,30,1
107,1250,6,35,0
192,233,1,35,0
74,2160,5,14,1
16,1799,5,22,0
49,799,6,18,1
6,1273,4,17,1
166,2010,5,35,0
184,1694,5,18,1
318,12,5,32,1
195,1394,5,30,0
181,1572,5,19,1
134,1184,5,29,1
192,587,1,14,0
309,1329,5,18,1
195,1768,5,36,0
249,1925,4,30,0
192,448,4,14,1
329,1622,5,27,1
30,1318,5,17,0
192,1681,1,35,0
152,758,5,32,0
336,709,5,32,0
178,1851,5,30,0
192,497,4,33,1
192,606,5,14,0
249,1108,5,30,1
243,334,5,35,0
33,1873,4,5,0
32,920,5,16,0
318,1324,5,32,0
125,964,5,31,0
5,2334,5,19,0
192,1991,5,20,1
343,2012,5,5,1
195,789,5,30,1
160,861,5,18,0
202,2034,5,37,0
248,141,1,30,0
329,2294,5,37,0
195,218,1,35,0
55,91,5,5,1
147,963,4,33,1
192,2300,1,18,1
192,498,4,14,1
277,2256,1,33,0
4,1404,5,32,0
206,2037,1,30,1
155,22,5,16,1
160,1916,1,18,1
206,253,5,30,0
183,856,5,18,1
153,1546,5,26,0
192,238,1,35,0
192,635,4,33,1
156,2333,5,17,1
157,937,5,33,0
160,2388,6,35,0
154,1731,5,21,0
160,204,1,35,1
192,2274,5,35,0
4,371,6,32,0
192,378,6,35,1
4,1674,5,32,1
192,620,5,18,0
33,246,4,5,0
107,1248,6,35,1
208,853,4,30,0
181,1580,5,19,1
183,855,6,18,1
192,486,4,18,1
206,1466,1,30,0
4,1659,5,32,1
75,1426,5,32,0
66,1362,1,33,0
200,1123,5,18,1
35,1794,5,5,0
341,2114,5,32,0
38,838,5,16,1
151,693,5,35,0
160,894,4,35,0
124,75,5,14,1
52,794,4,14,0
159,298,5,19,1
110,1758,5,17,0
192,734,4,18,1
192,465,4,11,0
159,1302,5,19,0
153,1369,5,26,1
157,2324,5,33,0
162,99,5,5,1
255,1023,5,17,1
160,1865,1,18,1
108,2323,5,19,0
183,2305,5,18,0
157,1381,5,33,0
68,1660,5,32,1
66,2366,1,33,0
160,2378,6,35,1
153,2169,1,26,0
110,1247,5,17,1
314,2064,5,32,1
138,1617,5,18,1
110,876,4,17,1
195,1065,5,35,1
106,104,5,31,0
108,1584,5,19,1
329,2292,5,37,0
256,909,5,14,0
206,1643,5,30,0
177,303,5,4,0
113,2403,1,18,1
4,377,6,32,0
236,2342,4,33,0
217,423,1,4,1
264,2186,1,5,0
192,767,1,18,1
192,1186,5,2,1
192,2238,1,18,1
50,1391,5,18,0
269,556,5,18,0
108,57,5,19,0
192,1746,5,18,1
108,55,5,19,0
192,171,4,35,0
327,80,1,32,0
160,2093,4,18,0
109,1370,6,18,0
249,1764,5,30,1
116,2159,1,5,0
153,2048,5,26,0
124,100,5,14,1
276,1716,6,35,1
195,1904,5,30,1
160,891,4,35,0
206,1640,5,30,1
63,1412,4,0,1
7,1476,6,18,0
192,1990,5,20,1
249,28,5,30,1
33,1770,4,5,0
192,607,5,18,0
192,366,6,35,1
210,1149,5,19,1
108,1225,5,19,0
208,1677,5,30,1
195,1489,4,30,0
110,1252,5,17,1
208,1113,4,30,1
65,2254,1,33,1
192,1748,4,20,0
233,810,5,18,0
69,1774,5,35,0
157,1537,5,33,0
266,986,5,30,0
254,2259,5,18,1
204,2367,5,32,1
81,827,1,18,0
182,1204,5,19,1
11,812,5,32,1
160,1697,5,35,0
66,1495,1,33,0
84,1136,5,5,0
192,476,5,16,0
329,2293,5,37,0
192,450,4,29,1
15,982,5,15,0
192,627,5,11,0
224,1080,5,29,1
102,1373,1,35,0
236,2252,4,33,0
192,624,5,14,1
330,774,5,37,0
159,684,4,19,0
192,439,4,18,1
327,1159,5,32,0
61,564,5,30,1
208,290,5,30,1
153,150,5,26,0
26,925,5,11,0
309,2073,5,18,0
153,2179,1,26,0
293,2343,1,32,0
183,2309,5,35,0
7,2134,1,18,0
192,524,4,35,1
6,1871,5,17,1
120,415,4,29,1
192,634,4,33,0
192,603,1,14,0
224,1079,5,29,1
192,494,4,35,0
7,1218,4,18,0
174,563,5,32,1
192,2101,5,35,0
195,791,5,30,0
311,865,5,35,0
153,1550,5,26,1
329,1527,5,37,0
249,288,1,30,1
120,1945,4,29,0
343,1835,1,5,0
310,768,5,18,1
120,1839,4,29,0
303,2171,2,19,1
332,2255,5,33,0
206,1679,1,30,0
168,1282,5,17,0
308,2375,1,18,1
317,2362,5,19,1
183,1685,1,18,1
192,1529,6,35,1
327,1162,5,32,1
192,1126,1,18,1
192,1992,5,20,1
192,1806,4,6,0
70,315,5,14,1
327,867,1,32,0
31,1533,5,19,1
192,1974,4,11,0
298,1190,5,35,0
163,1429,1,33,0
208,257,1,30,1
192,752,1,18,1
116,2074,1,5,1
68,2132,5,32,1
110,1224,5,17,0
198,1096,4,30,0
165,1913,1,18,1
126,1832,5,32,1
254,1154,1,18,0
120,571,5,29,0
192,1740,1,18,1
234,1828,5,5,0
147,2361,1,33,0
159,295,5,19,1
157,1405,5,33,1
70,1882,1,14,0
208,854,5,30,1
327,1174,5,37,0
330,1284,5,37,1
110,541,5,17,1
274,1387,1,18,1
192,2384,6,18,1
167,1595,5,19,0
197,1578,5,19,1
258,400,5,30,1
160,1702,5,35,1
344,1885,5,32,0
157,970,5,33,0
262,1051,5,18,0
192,718,5,17,0
304,1189,5,37,0
225,1956,5,29,1
192,507,4,20,1
327,841,1,32,0
12,137,5,27,1
332,1511,5,33,0
192,617,5,11,0
150,422,1,5,0
264,361,1,5,1
110,306,5,17,1
196,2092,1,4,0
266,2242,5,30,0
160,893,4,35,1
84,1139,5,5,0
255,1025,5,17,0
192,1739,5,35,1
165,2030,1,18,1
329,1609,5,37,0
190,2189,4,18,0
159,683,4,19,0
1,1402,1,33,0
192,459,4,35,0
237,319,5,33,0
287,2032,1,18,1
192,618,5,11,0
21,978,5,8,0
192,584,5,18,1
26,942,5,15,0
225,1959,5,29,1
66,2239,1,33,0
331,1845,5,19,0
6,1872,5,17,1
181,1582,5,19,1
192,529,4,14,0
160,899,4,35,0
330,1118,5,37,0
157,274,1,33,0
160,1700,5,35,0
159,1587,5,14,0
331,670,5,19,0
154,1010,5,33,1
176,2356,4,34,0
116,2116,5,5,0
153,2167,1,26,0
249,1107,1,30,1
160,2381,6,35,1
153,2174,1,26,0
208,163,5,30,0
206,291,5,30,1
192,373,6,35,1
208,1110,1,30,1
192,2100,5,35,0
110,2209,5,17,0
247,2318,5,18,1
342,1721,5,32,1
347,2222,1,18,0
192,2005,1,35,0
181,1562,5,29,1
192,2033,1,18,1
123,1418,1,14,1
180,1188,5,37,0
332,1671,5,33,1
192,180,4,14,0
49,186,1,18,0
240,1165,5,37,0
160,1479,5,18,0
153,71,5,26,0
157,1209,5,33,0
134,1525,5,29,0
241,316,5,34,0
330,1283,5,37,0
333,273,1,30,0
120,2229,5,29,0
183,1230,5,29,1
348,2245,5,18,1
83,2408,5,7,0
113,766,5,18,1
220,1347,5,1,1
160,892,4,35,1
219,1346,4,34,0
41,2368,5,32,1
192,616,5,14,1
206,1636,5,30,0
219,2269,4,34,0
18,342,4,4,0
157,1074,4,33,0
314,847,5,32,1
67,558,1,30,1
192,2158,4,33,0
332,2330,5,33,0
298,2225,5,35,1
159,299,5,19,0
35,1408,5,14,1
195,1672,5,35,1
192,1451,4,14,1
19,1938,1,5,0
53,1676,1,30,1
68,2133,5,32,1
336,706,5,32,0
245,1493,5,18,1
210,1007,5,19,0
162,2261,5,5,1
289,1915,5,18,1
192,641,5,18,0
183,1226,5,29,1
110,1146,5,17,1
115,1046,1,18,0
320,353,5,32,0
23,2145,5,34,0
155,17,5,29,1
254,367,5,4,1
235,1693,5,35,0
300,1360,1,35,0
16,1645,5,22,0
319,1930,1,32,0
120,1787,5,29,1
160,1087,1,18,0
332,1008,5,33,0
157,1522,5,1,0
177,317,1,4,0
189,1554,5,19,1
209,1143,5,37,0
23,2147,5,34,0
88,2332,5,4,0
224,1078,5,29,1
160,42,1,18,1
179,2091,5,34,0
157,692,5,33,0
254,1620,4,18,0
195,1909,1,5,0
160,2385,6,35,0
195,169,1,30,0
101,1653,5,30,1
295,934,5,34,0
237,966,5,33,0
249,835,5,30,0
192,2281,5,35,0
254,1532,6,18,1
92,1782,6,30,0
4,796,5,32,0
183,396,5,18,0
95,2270,5,32,1
211,324,4,26,0
208,264,1,30,0
110,1756,5,17,1
160,1704,5,35,0
120,1949,5,29,0
342,660,5,32,0
193,1932,4,4,0
182,1206,5,19,1
353,925,5,23,0
177,199,1,4,0
195,1965,4,35,1
192,577,1,14,0
183,1022,6,18,1
19,1963,4,5,0
49,1363,1,18,1
192,231,1,35,0
343,300,5,5,0
138,1223,5,18,1
160,1703,5,35,0
62,362,5,9,1
153,1547,5,26,0
153,2172,1,26,0
354,2315,5,32,0
22,956,5,33,0
158,328,5,35,0
7,2140,6,18,0
206,1726,5,30,1
350,1647,1,33,1
192,602,5,11,0
289,2036,5,18,1
195,1425,1,30,0
195,1972,5,30,1
94,994,5,19,1
59,546,4,17,1
249,287,5,30,1
308,1393,1,18,0
160,890,4,35,0
192,424,4,14,1
327,1161,1,32,0
110,542,5,17,0
342,1720,5,32,0
291,8,5,35,1
192,630,5,18,1
131,1614,5,25,0
339,976,5,4,0
256,911,5,14,0
177,202,1,4,0
271,43,5,32,1
183,1019,6,18,1
289,704,5,18,1
112,277,5,18,1
328,2358,1,32,0
314,1941,5,32,1
131,285,5,25,0
181,1570,5,19,1
315,348,5,32,0
241,547,5,34,0
240,1156,5,37,0
29,788,4,4,0
195,1398,5,30,1
159,296,5,19,1
34,551,5,32,1
11,2196,5,32,0
183,857,5,18,1
157,538,4,33,1
192,1735,1,18,1
110,1931,5,17,0
342,124,5,32,1
19,250,5,5,0
155,352,5,16,0
192,441,4,18,1
7,2139,1,18,0
192,1734,5,18,1
165,555,1,18,1
332,409,5,33,0
223,407,1,33,0
77,1278,4,17,1
230,1551,5,26,1
195,1910,5,5,1
225,1961,5,29,1
136,1191,5,35,0
298,1771,6,35,1
195,217,1,35,0
302,1937,5,28,1
157,123,5,33,1
144,539,2,35,0
329,107,5,37,0
195,168,1,30,0
192,178,4,35,0
246,1246,5,17,1
339,945,4,4,0
192,1650,1,29,0
201,818,5,30,0
216,1456,5,10,0
183,2312,1,35,0
314,1781,5,32,1
291,5,5,35,1
123,2409,6,5,0
157,1517,5,1,1
154,935,5,21,1
256,910,5,14,1
192,1613,1,18,1
245,1332,1,18,1
110,1245,5,17,1
192,1984,4,11,1
103,2232,5,32,0
195,2405,5,30,1
206,1124,4,30,0
346,2397,5,35,1
275,1446,4,0,0
155,1798,5,19,1
306,2290,5,34,0
16,1646,5,22,1
52,1881,5,14,0
136,712,5,35,0
183,2314,5,18,0
324,742,5,13,0
192,595,5,18,0
208,220,1,30,0
328,2404,4,32,0
343,302,5,5,1
192,626,5,14,1
84,2023,4,5,0
192,2352,4,14,1
70,1172,5,14,0
77,1309,5,17,0
207,128,5,18,0
157,825,5,33,0
195,216,1,35,1
162,1765,6,5,0
268,2017,4,29,0
332,2365,5,16,1
192,2393,6,18,1
342,661,5,32,0
219,1034,4,34,0
183,281,5,18,0
159,977,5,19,0
157,536,4,33,0
181,1581,5,19,1
282,2157,5,17,1
147,2251,1,33,0
162,96,5,5,0
174,1944,5,32,1
157,1497,4,33,0
58,1289,5,19,0
255,1750,5,17,0
10,765,5,18,0
192,338,1,18,1
76,732,5,30,1
183,1181,5,29,1
192,1982,4,11,0
343,1940,1,5,1
204,1855,5,32,0
326,121,4,34,1
8,1293,5,19,0
192,449,4,29,1
155,703,5,0,1
225,1960,5,29,1
160,1706,5,35,0
81,1840,1,18,1
157,939,4,33,0
219,304,4,34,0
249,261,1,30,1
183,394,5,18,0
333,688,1,30,0
68,2187,5,32,0
248,354,5,30,0
266,2298,5,30,1
323,987,5,37,0
122,303,5,14,0
168,874,4,17,1
73,807,5,18,1
263,247,5,5,0
192,384,6,35,1
192,451,4,35,0
52,984,5,14,0
154,1518,5,1,0
192,636,4,33,0
344,2288,5,32,1
73,808,5,18,1
58,1290,5,19,0
20,2011,5,5,0
332,2249,4,33,0
159,294,5,19,1
192,455,4,29,1
38,1954,5,16,0
132,721,4,34,0
195,222,1,35,0
157,1730,5,21,1
133,1028,5,23,0
147,2119,4,33,0
153,320,5,26,0
155,1874,5,29,1
123,2364,1,14,0
206,1641,5,30,0
336,1032,1,32,1
147,2330,4,33,0
110,1274,5,17,1
331,550,5,19,0
296,1927,5,11,0
208,292,5,30,1
208,1127,5,30,1
173,252,5,18,0
154,1000,5,33,1
208,1649,5,30,1
15,942,5,15,0
120,947,5,29,1
157,1245,5,33,1
136,713,5,35,0
256,805,5,14,0
116,99,1,5,0
160,2386,6,35,0
199,1202,1,19,1
277,72,1,33,0
52,884,6,14,0
192,461,4,20,1
73,1813,5,18,1
306,2289,5,34,0
54,2322,4,35,0
92,1783,6,30,0
192,1738,5,35,1
89,2247,5,33,0
241,134,5,34,0
312,16,5,0,0
208,2049,1,30,0
258,1847,1,30,0
311,863,4,35,0
120,574,5,29,1
195,272,5,30,1
155,26,5,16,0
34,903,5,32,1
192,1791,4,14,0
192,2007,1,35,0
167,1591,5,19,0
183,305,5,29,0
249,289,5,30,1
192,518,4,29,1
192,589,1,14,1
350,1526,5,33,0
183,1477,5,18,0
110,2043,5,17,1
149,2202,5,32,0
329,1599,5,37,0
243,331,5,35,1
285,1217,5,16,0
206,1058,5,30,0
63,1442,4,0,0
169,873,4,17,0
248,1618,5,30,0
134,1184,1,29,1
51,191,5,32,0
183,1237,1,18,0
353,938,5,23,1
161,1375,5,18,1
195,1491,4,30,0
330,1117,5,37,0
134,1276,5,29,0
208,647,6,30,0
206,1060,5,30,0
346,402,5,35,1
256,1463,5,14,0
192,455,4,14,0
192,730,1,18,0
195,61,5,30,0
324,743,5,23,0
208,2224,5,30,0
159,941,5,19,0
192,1542,6,35,0
192,382,6,35,0
65,2251,1,33,0
4,668,5,32,1
160,1705,5,35,1
51,2131,5,32,1
206,1056,5,30,0
276,2376,5,35,1
192,517,4,5,0
255,1998,5,17,0
20,89,5,5,0
192,609,5,18,0
2,2158,4,33,0
349,1623,1,18,1
192,179,4,35,0
231,1604,6,30,0
286,330,5,32,1
192,379,6,35,1
192,515,4,35,1
126,1943,5,32,1
110,907,5,17,1
134,1515,5,29,0
208,1384,5,30,1
192,764,1,18,1
225,1957,5,29,1
346,1333,5,35,1
195,1632,5,30,0
240,1155,5,37,1
154,1004,5,33,1
206,286,1,30,1
163,86,1,33,0
150,421,4,5,0
192,516,4,14,0
195,1350,5,30,0
254,2200,4,18,1
231,1788,6,30,0
192,380,6,35,0
350,141,5,33,0
4,770,5,32,1
19,2069,5,5,0
154,537,4,33,1
208,2028,5,30,1
177,2060,5,4,0
95,1944,5,32,1
232,654,4,35,0
16,1339,5,22,1
153,1368,5,26,0
23,2148,5,34,0
159,682,4,19,0
192,436,4,18,1
123,1419,5,5,0
206,1062,1,30,0
52,913,5,14,1
78,323,5,37,0
329,1280,5,37,0
95,1478,5,32,1
183,2120,5,35,1
91,110,1,30,0
192,581,1,14,0
110,303,4,17,0
192,482,4,35,0
177,141,5,4,0
192,481,4,14,0
155,20,5,29,0
52,2072,5,14,0
157,2342,5,33,0
55,71,5,5,1
192,445,4,35,0
195,229,1,35,1
162,63,5,5,0
133,1029,5,23,0
154,1603,1,33,0
249,1825,5,30,0
256,1406,5,14,1
324,741,5,23,0
183,858,6,18,1
16,1075,5,22,0
112,1817,1,18,0
346,1334,5,35,1
329,2351,5,37,0
192,601,5,18,0
205,1332,1,35,0
160,32,5,35,0
162,1635,5,5,1
330,1474,1,37,0
225,1955,5,29,1
208,651,6,30,1
154,960,5,21,1
119,1443,5,32,0
254,146,4,35,0
183,1180,1,29,1
332,1512,5,33,0
116,245,5,5,1
248,141,5,30,1
273,781,5,35,0
110,1755,5,17,1
160,895,4,35,0
320,1486,5,32,0
132,928,5,34,0
136,2233,5,35,0
107,1249,6,35,0
192,434,4,18,0
84,1135,5,5,0
263,248,5,5,1
152,759,5,32,0
16,27,5,22,0
59,2066,4,17,1
192,472,4,33,0
87,1193,1,30,1
162,2060,5,5,0
94,1575,5,19,1
342,1895,5,32,0
336,2360,5,32,0
136,1858,5,35,0
281,747,5,17,1
177,1439,4,4,0
168,1304,5,17,0
160,1864,5,18,0
330,736,5,37,0
162,70,1,5,0
192,2006,1,18,0
110,1258,5,17,0
157,1928,5,33,0
153,2045,5,26,1
280,927,4,19,0
276,2207,6,35,0
298,715,5,35,0
110,1757,5,17,1
342,2108,5,32,1
160,750,6,18,1
192,491,4,2,1
277,1598,1,33,0
336,65,5,32,0
208,1131,5,30,1
55,1482,5,5,0
192,502,4,11,0
130,999,6,33,0
249,815,1,30,0
141,1824,5,28,1
11,2198,5,32,0
192,495,4,35,0
134,1433,4,29,0
340,1254,5,17,1
265,929,4,0,0
34,905,5,32,1
154,1001,5,33,0
327,97,5,32,1
22,1519,5,33,0
11,2195,5,32,0
221,727,5,19,0
84,1137,1,5,0
110,1761,5,17,0
168,1091,5,17,1
116,2075,1,5,1
208,1128,1,30,1
157,2243,5,33,0
192,580,4,14,1
19,2058,5,5,0
192,1682,1,35,0
227,1410,5,30,0
208,208,1,30,0
194,1606,1,37,0
248,213,1,30,0
93,266,6,5,0
192,1454,4,14,1
192,1089,6,18,1
314,1780,5,32,1
282,723,5,17,1
192,613,4,14,1
4,666,5,32,1
206,1638,5,30,0
330,775,5,37,0
248,34,4,30,0
183,392,5,18,0
188,833,6,5,0
73,806,5,18,0
55,71,1,5,1
227,1389,5,30,0
192,576,1,14,1
176,1556,4,34,0
183,282,5,18,0
94,1574,1,19,1
319,2138,1,32,0
43,1298,5,19,0
162,2118,5,5,1
249,1846,4,18,0
192,449,4,14,1
134,2083,1,29,0
3,1366,4,37,0
4,912,5,32,0
96,547,5,29,1
192,485,4,35,0
192,368,6,35,0
31,1459,5,19,1
153,1548,5,26,1
192,464,4,35,0
181,1566,2,18,1
208,2411,5,30,0
319,9,5,32,0
183,687,1,29,1
51,189,5,32,0
192,518,4,29,1
162,2061,5,5,1
132,924,5,34,0
219,198,4,34,1
86,31,5,37,0
190,2126,1,18,0
157,1524,5,1,1
23,2150,5,34,0
251,795,1,18,0
206,2054,5,30,0
52,793,4,14,0
192,599,5,18,0
192,510,4,20,0
268,158,4,29,0
248,212,1,30,1
275,1448,4,0,0
244,2331,5,18,0
195,1492,4,30,1
214,1553,5,26,0
208,167,1,30,0
152,760,5,32,1
4,663,5,32,1
97,754,5,17,0
195,790,5,30,0
227,1432,5,30,1
206,1057,5,30,1
110,1762,5,17,0
192,582,5,14,0
208,729,5,30,1
249,1985,5,30,0
112,1487,5,18,0
331,980,5,19,0
231,1776,6,30,1
117,152,5,35,1
192,954,5,33,1
207,129,5,18,1
192,500,4,35,0
157,998,1,33,1
70,1856,1,14,0
99,1379,5,18,1
291,3,5,35,1
192,470,4,16,0
44,1503,5,23,0
282,1859,5,17,1
120,1662,5,29,1
354,2206,5,32,0
313,1198,5,17,0
192,590,5,14,1
9,2362,5,19,1
192,952,5,33,0
277,411,1,33,0
123,673,5,5,0
195,2095,5,35,1
192,1043,5,29,1
23,2152,5,34,0
159,298,4,19,1
